No,Item,Image,Description,Categories,Price,Resto Name,City,Kecamatan,Location
1,Udang Kungpao,https://www.dinneratthezoo.com/wp-content/uploads/2016/09/kung-pao-shrimp-1-500x500.jpg,"Udang Kung Pao adalah hidangan khas Tiongkok yang dibuat dari udang yang dimasak dengan saus pedas-manis khas, kacang tanah, cabai kering, dan sayuran seperti paprika serta daun bawang.",Makanan Laut,178000,Paradise Dynasty,Jakarta Selatan,Kebayoran Lama,"Pondok Indah Mall 3, Jl. Sultan Iskandar Muda No.28E 3rd Floor, Unit 311A-311B, Pd. Pinang, Kec. Kby. Lama, Kota Jakarta Selatan, Daerah Khusus Ibukota Jakarta 12310"
2,Otak-Otak,https://asset.kompas.com/crops/N7iOcEhe_cB5S_FfPqGC-Nit6ZQ=/0x0:1000x667/750x500/data/photo/2020/09/06/5f5452396aea3.jpg,"Campuran ikan giling dan tepung tapioka. Adonan ini dibumbui dengan rempah-rempah seperti bawang putih, daun bawang, dan santan, lalu dibungkus dengan daun pisang dan dipanggang hingga matang. Otak-otak biasanya disajikan dengan saus kacang pedas atau sambal sebagai pelengkap.",Makanan Laut,52000,Sulawesi,Jakarta Selatan,Kebayoran Baru,"Jalan Panglima Polim IX No.19 Melawai, Kebayoran Baru Jakarta Selatan, Jl. Panglima Polim IX No.19, RT.7/RW.6, Melawai, Kec. Kby. Baru, Kota Jakarta Selatan, Daerah Khusus Ibukota Jakarta 12160"
3,Ikan Dabu Dabu,https://i.pinimg.com/736x/d9/51/9d/d9519d957c0bf7bfc0f3836dfba12205.jpg,"kan dabu-dabu adalah hidangan khas Manado, Sulawesi Utara, yang menggunakan ikan bakar atau ikan goreng sebagai bahan utamanya, disajikan dengan sambal dabu-dabu. Sambal dabu-dabu adalah sambal segar yang terdiri dari potongan cabai rawit, bawang merah, tomat, perasan jeruk nipis, dan sedikit garam serta minyak panas. Kombinasi sambal segar ini memberikan rasa pedas, asam, dan segar, yang melengkapi cita rasa gurih dari ikan yang dimasak.",Makanan Laut,38000,Sari Indah,Jakarta Selatan,Kebayoran Baru,"Jl. Wolter Monginsidi No.7 5, RT.5/RW.2, Selong, Kec. Kby. Baru, Kota Jakarta Selatan, Daerah Khusus Ibukota Jakarta 12170"
4,Pan Fried Salmon,"https://cdn.apartmenttherapy.info/image/upload/f_auto,q_auto:eco,c_fill,g_auto,w_1500,ar_3:2/k%2FPhoto%2FSeries%2F2019-09-snapshot-cooking-garlic-butter%2F2019-09-04_Kitchn83910_","Salmon yang dimasak dengan cara digoreng di atas wajan datar menggunakan sedikit minyak atau mentega. Proses ini menghasilkan bagian luar salmon yang renyah dan kecokelatan, sementara bagian dalamnya tetap lembut dan juicy. Biasanya, salmon diberi bumbu sederhana seperti garam, lada, dan mungkin sedikit perasan lemon untuk menambah cita rasa segar.",Makanan Laut,185000,Lewis n Carol,Jakarta Selatan,Kebayoran Baru,"Jl. Bumi No.4 2, RT.2/RW.3, Gunung, Kec. Kby. Baru, Kota Jakarta Selatan, Daerah Khusus Ibukota Jakarta 12120"
5,Cakalang Garo Rica,https://paxelmarket.co/wp-content/uploads/2022/05/Cakalang-Garo-Rica-4.jpg,"Cakalang garo rica adalah hidangan pedas khas Manado, Sulawesi Utara, yang menggunakan ikan cakalang sebagai bahan utamanya. Ikan cakalang yang telah dimasak suwir-suwir dan kemudian ditumis dengan bumbu rica, yaitu campuran cabai, bawang merah, bawang putih, jahe, serai, dan daun jeruk, yang memberikan aroma segar dan rasa pedas khas. Hidangan ini sering disajikan dengan nasi putih hangat dan merupakan favorit bagi pencinta makanan pedas.",Makanan Laut,72000,Beautika,Jakarta Selatan,Kebayoran Baru,"Jl. Hang Lekir No.1 4, RT.4/RW.6, Gunung, Kec. Kby. Baru, Kota Jakarta Selatan, Daerah Khusus Ibukota Jakarta 12220"
6,Kepiting Lada Hitam,https://upload.wikimedia.org/wikipedia/commons/thumb/0/09/Black_Peppered_Crab_%286895480431%29.jpg/440px-Black_Peppered_Crab_%286895480431%29.jpg,Hidangan populer di Singapura yang memadukan rasa kepiting dimasak dengan lada hitam.,Makanan Laut,59000,Penang Bistro,Jakarta Selatan,Kebayoran Baru,"Jl. Pakubuwono VI No.2 5, RT.5/RW.6, Gunung, Kec. Kby. Baru, Kota Jakarta Selatan, Daerah Khusus Ibukota Jakarta 12120"
7,Gulai Kepala Kakap,https://www.unileverfoodsolutions.co.id/dam/global-ufs/mcos/SEA/calcmenu/recipes/ID-recipes/fish-&-other-seafood-dishes/gulai-kepala-ikan-kakap/main-header.jpg,"Kepala ikan kakap berkuah santan yang warnanya antara kuning, oranye, dan kemerahan.",Makanan Laut,87000,Sari Indah,Jakarta Selatan,Kebayoran Baru,"Jl. Wolter Monginsidi No.7 5, RT.5/RW.2, Selong, Kec. Kby. Baru, Kota Jakarta Selatan, Daerah Khusus Ibukota Jakarta 12170"
8,Kerapu Bakar,https://cdn0-production-images-kly.akamaized.net/yeq69ibnDz8zbZ-f6TRsnpwGJJs=/0x33:999x596/1200x675/filters:quality(75):strip_icc():format(jpeg)/kly-media-production/medias/4294511/original/030917800_1674018213-shutterstock_1326431222.jpg,Ikan kerapu yang diolah dengan cara dibakar lalu dibumbui dengan rasa pedas manis dan bumbunya begitu meresap hingga ke dalam dengan sempurna.,Makanan Laut,264000,Sulawesi,Jakarta Selatan,Kebayoran Baru,"Jalan Panglima Polim IX No.19 Melawai, Kebayoran Baru Jakarta Selatan, Jl. Panglima Polim IX No.19, RT.7/RW.6, Melawai, Kec. Kby. Baru, Kota Jakarta Selatan, Daerah Khusus Ibukota Jakarta 12160"
9,Cumi Lada Garam,https://cdn0-production-images-kly.akamaized.net/wWaro6kXsnBh9Z0-vI75iYC75uE=/0x86:999x649/469x260/filters:quality(75):strip_icc():format(webp)/kly-media-production/medias/3507713/original/042701800_1626061353-shutterstock_1011973252.jpg,"Cumi-cumi goreng tepung yang diberi bumbu sederhana namun kuat, seperti lada dan garam. Cumi-cumi biasanya dipotong cincin, dilapisi tepung tipis, dan digoreng hingga renyah. Setelah digoreng, cumi-cumi dicampur dengan bawang putih cincang, daun bawang, dan taburan lada hitam atau putih yang melimpah untuk memberikan cita rasa gurih dan pedas.",Makanan Laut,80000,Din Tai Fung,Jakarta Selatan,Kebayoran Lama,"Pondok Indah Mall 2, Jl. Metro Pondok Indah No.1 Lantai 3, RT.1/RW.16, Pd. Pinang, Kec. Kby. Lama, Kota Jakarta Selatan, Daerah Khusus Ibukota Jakarta 12310"
10,Tim Ikan,https://ayo-ma.com/wp-content/uploads/2023/03/ikan-tim-HK.jpeg,"Tim ikan dengan zaitun adalah masakan ikan berdaging putih, seperti kakap atau kerapu, yang dimasak dengan cara dikukus. Hidangan ini dilengkapi dengan buah zaitun, tomat, bawang putih, bawang bombay, dan aneka rempah. Rasa asin dan asam khas dari zaitun berpadu dengan gurihnya ikan yang lembut. Metode memasak dengan dikukus membantu menjaga kelembutan ikan sekaligus menonjolkan rasa alami dari setiap bahan.",Makanan Laut,139000,Din Tai Fung,Jakarta Selatan,Kebayoran Lama,"Pondok Indah Mall 2, Jl. Metro Pondok Indah No.1 Lantai 3, RT.1/RW.16, Pd. Pinang, Kec. Kby. Lama, Kota Jakarta Selatan, Daerah Khusus Ibukota Jakarta 12310"
11,Udang Goreng Mayonaise,https://www.ruparupa.com/blog/wp-content/uploads/2022/02/udang-goreng-tepung-mayonaise.jpeg,"Udang yang digoreng renyah kemudian disajikan dengan saus mayones yang creamy dan sedikit manis, sering ditambah madu atau susu kental manis untuk rasa yang lezat dan gurih.",Makanan Laut,75000,Din Tai Fung,Jakarta Selatan,Kebayoran Lama,"Pondok Indah Mall 2, Jl. Metro Pondok Indah No.1 Lantai 3, RT.1/RW.16, Pd. Pinang, Kec. Kby. Lama, Kota Jakarta Selatan, Daerah Khusus Ibukota Jakarta 12310"
12,Tenggiri Goreng,https://png.pngtree.com/thumb_back/fw800/background/20240722/pngtree-roasted-fillets-of-mackerel-fish-fried-mackerel-fish-fried-photo-image_16094822.jpg,"Ikan tenggiri yang digoreng hingga bertekstur renyah di luar dan tetap lembut di dalam. Ikan tenggiri biasanya dibumbui terlebih dahulu dengan garam, bawang putih, dan sedikit perasan jeruk untuk menghilangkan bau amis sekaligus memberikan rasa gurih. Setelah itu, ikan digoreng dalam minyak panas hingga berwarna keemasan. Tenggiri goreng sering disajikan dengan sambal atau kecap manis dan cocok dinikmati sebagai lauk bersama nasi hangat.",Makanan Laut,95000,Sate Khas Senayan,Jakarta Selatan,Kebayoran Baru,"Jl. Pakubuwono VI No.6, Gunung, Kec. Kby. Baru, Kota Jakarta Selatan, Daerah Khusus Ibukota Jakarta 12120"
13,Sop Ikan,https://asset.kompas.com/crops/Wjpcwhh4NVbdHmkUQcJP5MGaZgk=/0x63:1000x730/750x500/data/photo/2021/04/01/606536aa0e635.jpg,"Sup yang terbuat dari potongan ikan segar yang dimasak dalam kaldu bening dengan bumbu seperti jahe, bawang putih, tomat, dan daun kemangi, memberikan rasa gurih dan segar.",Makanan Laut,133000,Sate Khas Senayan,Jakarta Selatan,Kebayoran Baru,"Jl. Pakubuwono VI No.6, Gunung, Kec. Kby. Baru, Kota Jakarta Selatan, Daerah Khusus Ibukota Jakarta 12120"
14,Cumi Bakar Bumbu Jimbaran,https://foto.kontan.co.id/9Ukim0Sy-oRFmjWwE2ZCWI1Bq4g=/smart/2024/08/29/623194727p.jpg,"Cumi bakar bumbu Jimbaran adalah hidangan khas Bali yang terbuat dari cumi-cumi yang dibumbui dengan rempah-rempah seperti bawang, cabai, dan kemiri, kemudian dibakar hingga matang. Hidangan ini memiliki rasa pedas dan gurih, sering disajikan dengan nasi putih dan sambal.",Makanan Laut,95000,Sate Khas Senayan,Jakarta Selatan,Kebayoran Baru,"Jl. Pakubuwono VI No.6, Gunung, Kec. Kby. Baru, Kota Jakarta Selatan, Daerah Khusus Ibukota Jakarta 12120"
15,Singapore Crispy Sotong,https://encrypted-tbn0.gstatic.com/images?q=tbn:ANd9GcSyzUZLiCE0peVtsslkrhikgdJdKr7kQU4naw&s,"Cumi goreng tepung yang renyah, disajikan dengan bumbu khas Singapura yang gurih dan sedikit pedas, sering dipadukan dengan saus cabai atau saus kari untuk cita rasa yang kaya dan bertekstur garing.",Makanan Laut,95000,Penang Bistro,Jakarta Selatan,Kebayoran Baru,"Jl. Pakubuwono VI No.2 5, RT.5/RW.6, Gunung, Kec. Kby. Baru, Kota Jakarta Selatan, Daerah Khusus Ibukota Jakarta 12120"
16,Marlin Woku,https://img-global.cpcdn.com/recipes/3a3f82cc32edc551/680x482cq70/ikan-marlin-woku-foto-resep-utama.jpg,"Hidangan khas Manado yang menggunakan ikan marlin yang dimasak dalam bumbu woku—campuran rempah seperti kemangi, daun jeruk, serai, cabai, dan kunyit—yang memberikan rasa pedas, segar, dan aromatik.",Makanan Laut,72000,Beautika,Jakarta Selatan,Kebayoran Baru,"Jl. Hang Lekir No.1 4, RT.4/RW.6, Gunung, Kec. Kby. Baru, Kota Jakarta Selatan, Daerah Khusus Ibukota Jakarta 12220"
17,Gurame Pesmol,https://asset.kompas.com/crops/D910XXZRKNANJ7MGbkCklXQaurY=/0x0:698x465/750x500/data/photo/2021/01/19/6006faf925126.jpg,"Ikan gurame yang digoreng renyah dan disajikan dengan saus asam manis yang terbuat dari campuran cabai, bawang, dan bumbu lainnya.",Makanan Laut,129000,Cerita Rasa,Jakarta Selatan,Pasar Minggu,"Jl. Ampera Raya No.9, RT.4/RW.2, Cilandak Tim., Ps. Minggu, Kota Jakarta Selatan, Daerah Khusus Ibukota Jakarta 12560"
18,Gurame Bakar Kecap,https://i.pinimg.com/736x/83/a9/19/83a91962435b7032b0c049f77ca6e908.jpg,"Gurame bakar kecap adalah hidangan ikan gurame yang dibakar dan diolesi kecap manis, memberikan rasa manis dan gurih. Hidangan ini biasanya disajikan dengan nasi putih dan sambal.",Makanan Laut,129000,Cerita Rasa,Jakarta Selatan,Pasar Minggu,"Jl. Ampera Raya No.9, RT.4/RW.2, Cilandak Tim., Ps. Minggu, Kota Jakarta Selatan, Daerah Khusus Ibukota Jakarta 12560"
19,Kuwe Bakar,https://img-global.cpcdn.com/recipes/d6e355de863ba406/680x482cq70/ikan-kuwe-bakar-madu-foto-resep-utama.jpg,"Kuwe bakar adalah hidangan ikan kuwe (ikan tuna) yang dibakar dengan bumbu rempah, memberikan rasa gurih. Hidangan ini biasanya disajikan dengan nasi dan sambal.",Makanan Laut,62500,Ikan Bakar Pak Tarjo,Jakarta Selatan,Kebayoran Baru,"Jl. Tentara Pelajar No.22 1, RT.13/RW.12, Grogol Utara, Kec. Kby. Lama, Kota Jakarta Selatan, Daerah Khusus Ibukota Jakarta 12210"
20,Ikan Ayam-Ayam Bakar,https://www.finnafood.com/blog/wp-content/uploads/2024/07/ikan-ayam-ayam-bakar.webp,"Ikan ayam-ayam bakar adalah hidangan yang terbuat dari ikan ayam-ayam, sejenis ikan air tawar yang memiliki daging tebal. Ikan ini dibumbui dengan rempah-rempah, kemudian dibakar hingga matang dan beraroma harum. Hidangan ini biasanya disajikan dengan nasi, sambal, dan lalapan, menjadikannya pilihan yang populer dalam masakan Indonesia.",Makanan Laut,90000,Ikan Bakar Pak Tarjo,Jakarta Selatan,Kebayoran Baru,"Jl. Tentara Pelajar No.22 1, RT.13/RW.12, Grogol Utara, Kec. Kby. Lama, Kota Jakarta Selatan, Daerah Khusus Ibukota Jakarta 12210"
21,Nasi Uduk,https://images.tokopedia.net/img/JFrBQq/2023/11/27/55614199-0fa6-4fbb-9803-d45f6b9afc68.png,"Nasi Uduk merupakan salah satu hidangan sarapan paling terkenal di Jakarta. Bagaimana rasanya? Bayangkan nasi yang dimasak dengan santan, kemudian disajikan dengan lauk-pauk yang beraneka ragam. Kamu bisa menikmatinya bersama ayam goreng, tempe, tahu, dan sambal kacang yang khas. Hidangan ini memiliki rasa gurih yang nikmat dan aroma harum santan yang tak tertandingi. Bagi penduduk Jakarta, Nasi uduk adalah pilihan sarapan yang paling tepat untuk memulai hari dengan penuh energi.",Makanan Tradisional,18000,Warung Sarapan Ncing Mamat,Jakarta Selatan,Tebet,"Jl. Kp. Melayu Besar 1, Bukit Duri, Kec. Tebet, Kota Jakarta Selatan, Daerah Khusus Ibukota Jakarta 12830"
22,Soto Betawi,https://images.tokopedia.net/img/JFrBQq/2024/5/30/b75730d0-83b4-44fb-ad3f-f94b3855ea96.png,"Soto betawi adalah sajian soto yang kaya akan cita rasa dan aroma. Kuahnya terbuat dari santan yang lezat dan diisi dengan potongan daging sapi, hati, limpa, dan babat yang empuk. Toppers, jangan lupa tambahkan potongan tomat, emping, bawang goreng, dan perkedel kentang. Yang membuat Soto Betawi semakin istimewa adalah kehadiran kerupuk gendar yang memberikan sensasi renyah yang unik.",Makanan Tradisional,20000,Warung Sarapan Ncing Mamat,Jakarta Selatan,Tebet,"Jl. Kp. Melayu Besar 1, Bukit Duri, Kec. Tebet, Kota Jakarta Selatan, Daerah Khusus Ibukota Jakarta 12830"
23,Ketoprak,https://images.tokopedia.net/img/JFrBQq/2023/11/27/dc5f1625-f789-4184-83a7-f15daa543c34.png,"Ketoprak adalah pilihan tepat bagi kamu yang mencari hidangan vegetarian yang lezat. Hidangan ini terdiri dari ketupat, tahu goreng, bihun, sayuran segar, dan saus kacang yang begitu merangsang selera. Sensasi renyah dari kerupuk juga tak boleh dilewatkan. Selain lezat, Ketoprak juga merupakan hidangan yang sehat dan cocok untuk kamu yang peduli dengan pola makan.",Makanan Tradisional,18000,Warung Sarapan Ncing Mamat,Jakarta Selatan,Tebet,"Jl. Kp. Melayu Besar 1, Bukit Duri, Kec. Tebet, Kota Jakarta Selatan, Daerah Khusus Ibukota Jakarta 12830"
24,Kerak Telor,https://images.tokopedia.net/img/JFrBQq/2023/11/27/b663ed86-4807-4c72-a36a-f7636fdc2aa2.png,"Kerak telor adalah makanan khas Betawi yang unik. Terbuat dari campuran beras ketan, telur ayam, ebi (udang kering), dan bawang merah goreng, hidangan ini menghadirkan lapisan kerak yang renyah di luar dan rasa yang gurih di dalamnya. Bagi para penikmat makanan tradisional, Kerak Telor adalah wajib dicoba ketika mengunjungi Jakarta, terutama di kawasan Kota Tua.",Makanan Tradisional,32000,KERAK TELOR BANG DHORY,Jakarta Selatan,Pancoran,"Jl. Wr. Jati Bar. IV, RT.14/RW.5, Kalibata, Kec. Pancoran, Kota Jakarta Selatan, Daerah Khusus Ibukota Jakarta 12740"
25,Gado-gado,https://images.tokopedia.net/img/JFrBQq/2023/11/27/8eff20db-7c35-488e-839c-ae7e47ca030a.png,"Gado-gado merupakan hidangan salad khas Indonesia yang juga sangat populer di Jakarta. Hidangan ini menggabungkan sayuran segar seperti kentang, tahu, tempe, dan kangkung yang disajikan dengan saus kacang yang lezat. Tidak lupa, tambahkan kerupuk dan telur rebus untuk pengalaman menyantap yang lebih lengkap. Rasanya yang segar dan saus kacang yang kental membuat Gado-gado selalu menjadi pilihan yang tepat, terutama saat cuaca panas.",Makanan Tradisional,18000,Warung Sarapan Ncing Mamat,Jakarta Selatan,Tebet,"Jl. Kp. Melayu Besar 1, Bukit Duri, Kec. Tebet, Kota Jakarta Selatan, Daerah Khusus Ibukota Jakarta 12830"
26,Roti Buaya,https://images.tokopedia.net/img/JFrBQq/2023/11/27/b658e8c1-ae1c-4131-a7a9-b425a31c3ede.png,"Roti buaya adalah makanan ringan manis yang populer di Jakarta. Namanya unik, seperti bentuknya yang menyerupai kulit buaya. Roti ini terbuat dari adonan yang digoreng hingga berwarna cokelat keemasan dan dilapisi gula halus. Rasanya manis, renyah di luar, dan lembut di dalam. Roti Buaya sering dijadikan teman minum teh atau kopi, dan kamu bisa menemukannya di berbagai penjual kaki lima di Jakarta.",Makanan Tradisional,50000,Aqilla Bakery,Jakarta Selatan,Kebayoran Lama,"Jl. Musholla Faturrahman 2 no.11C disamping musholla Faturrahman, RT.2/RW.4, Grogol Sel., Kec. Kby. Lama, Kota Jakarta Selatan, Daerah Khusus Ibukota Jakarta 11560"
27,Asinan Betawi,https://images.tokopedia.net/img/JFrBQq/2023/11/27/6f493744-8565-4399-bab7-7c01a553a026.png,"Asinan betawi adalah hidangan sayuran segar yang disajikan dengan saus kacang yang lezat. Sayuran yang digunakan bervariasi, termasuk tauge, kol, kentang, dan selada air. Saus kacangnya yang kental dan gurih memberikan sentuhan khas pada hidangan ini. Terkadang, Asinan Betawi juga dihidangkan dengan kerupuk dan emping. Hidangan ini cocok untuk kamu yang ingin mencicipi kelezatan sayuran dengan cita rasa khas Jakarta.",Makanan Tradisional,20000,SI BUHUN,Jakarta Selatan,Kebayoran Baru,"Jl. Panglima Polim II, Melawai, Kec. Kby. Baru, Kota Jakarta Selatan, Daerah Khusus Ibukota Jakarta 12160"
28,Kue Cucur,https://images.tokopedia.net/img/JFrBQq/2023/11/27/b718f1c9-bb03-4aca-bc75-f4f5a9c7e17f.png,"Kue cucur adalah camilan tradisional yang terbuat dari adonan tepung beras yang digoreng hingga berwarna cokelat keemasan. Rasanya manis dengan sedikit rasa gurih. Kue ini sering dijadikan teman minum kopi atau teh, dan bisa kamu temukan di berbagai penjual kaki lima di Jakarta. Selain itu, kue cucur juga sering hadir dalam acara-acara tradisional dan perayaan di ibu kota.",Makanan Tradisional,3000,Aqilla Bakery,Jakarta Selatan,Kebayoran Lama,"Jl. Musholla Faturrahman 2 no.11C disamping musholla Faturrahman, RT.2/RW.4, Grogol Sel., Kec. Kby. Lama, Kota Jakarta Selatan, Daerah Khusus Ibukota Jakarta 11560"
29,Soto Tangkar,https://images.tokopedia.net/img/JFrBQq/2023/11/27/eee4bc86-cf92-43ee-81ef-21986cc4f8e8.png,"Soto tangkar adalah varian soto khas Jakarta yang menggoda selera. Kuahnya yang gurih terbuat dari santan dan daging sapi yang dimasak hingga empuk. Hidangan ini disajikan dengan ketupat, telur rebus, dan bawang goreng. Yang membuat Soto tangkar istimewa adalah potongan daging sapi yang besar dan lezat. Ketika kamu mencicipinya, kamu akan merasakan kelezatan daging yang terasa meleleh di mulut.",Makanan Tradisional,22000,Soto Tangkar Kang Jaja,Jakarta Selatan,Jagakarsa,"Jl. Moch. Kahfi II No.12e, RT.10/RW.4, Ciganjur, Kec. Jagakarsa, Kota Jakarta Selatan, Daerah Khusus Ibukota Jakarta 12630"
30,Putu Mayang,https://images.tokopedia.net/img/JFrBQq/2023/11/27/22072bf0-2621-4227-8da1-67ff5460bbb3.png,"Putu Mayang adalah hidangan penutup manis yang sangat populer. Terbuat dari adonan tepung beras yang dicetak menjadi bentuk panjang dan tipis, kemudian disajikan dengan gula merah cair dan kelapa parut. Rasanya manis, legit, dan memiliki aroma harum gula merah. Putu Mayang sering dijadikan hidangan penutup dalam berbagai acara, dan kamu juga bisa menemukannya di berbagai warung kopi tradisional di Jakarta.",Makanan Tradisional,4000,Aqilla Bakery,Jakarta Selatan,Kebayoran Lama,"Jl. Musholla Faturrahman 2 no.11C disamping musholla Faturrahman, RT.2/RW.4, Grogol Sel., Kec. Kby. Lama, Kota Jakarta Selatan, Daerah Khusus Ibukota Jakarta 11560"
31,Pecak Ikan,https://images.tokopedia.net/img/JFrBQq/2024/5/30/649ed06c-59e5-47a3-b41a-57f4d08d8efa.png,Pecak ikan jadi salah satu menu umum yang bisa kamu temukan di restoran Betawi. Pecak ikan biasanya menggunakan jenis ikan sungai atau air tawar. Pecak ikan ini terdiri dari ikan goreng dengan sajian kuah rempah bercitarasa pedas dan segar.,Makanan Tradisional,21000,Pecak Ikan H. Muhayar,Jakarta Selatan,Pasar Minggu,"Jl. Taman Margasatwa Raya No.9 18A, RT.9/RW.5, Jati Padang, Pasar Minggu, South Jakarta City, Jakarta 12540"
32,Sayur Babanci,https://images.tokopedia.net/img/JFrBQq/2024/5/30/a2c6e598-da8e-489e-8204-c28750b9ae82.png,"Sayur Babanci biasanya dimakan bersamaan dengan ketupat. Sering dihadirkan saat lebaran, sayur ini menjadi hidangan ikonik dari Betawi yang kini mulai jarang ditemui. Sayur babanci merupakan hidangan berkuah dengan campuran daging sapi dan kelapa parut, dimasak dengan bumbu khas Betawi yang kaya akan rempah.",Makanan Tradisional,20000,Warung Sarapan Ncing Mamat,Jakarta Selatan,Tebet,"Jl. Kp. Melayu Besar 1, Bukit Duri, Kec. Tebet, Kota Jakarta Selatan, Daerah Khusus Ibukota Jakarta 12830"
33,Nasi Ulam,https://images.tokopedia.net/img/JFrBQq/2024/5/30/8eb400cc-4fde-4293-861d-8ec35c71165a.png,"Nasi Ulam merupakan nasi yang dicampur dengan berbagai bumbu dan rempah, kemudian disajikan dengan lauk seperti ayam goreng, tahu, tempe, dan sambal yang menggugah selera.",Makanan Tradisional,23000,Warung Sarapan Ncing Mamat,Jakarta Selatan,Tebet,"Jl. Kp. Melayu Besar 1, Bukit Duri, Kec. Tebet, Kota Jakarta Selatan, Daerah Khusus Ibukota Jakarta 12830"
34,Sayur Asem Betawi,https://images.tokopedia.net/img/JFrBQq/2024/5/30/931f5a9d-ea8a-46a1-86ad-0f8e7eb35df6.png,"Sayur asem betawi merupakan sayur berkuah asam dengan isian sayuran, seperti jagung, melinjo, kacang panjang, kacang tanah, dan labu siam dengan tambahan asam jawa. Sayur asem betawi ini sangat cocok jadi hidangan harian di rumah, karena mengandung banyak nutrisi yang dibutuhkan oleh keluarga.",Makanan Tradisional,20000,Sayur Asem Betawi Bang Achenk,Jakarta Selatan,Cilandak,"Jl. Persatuan No.21 6, RT.6/RW.9, Cilandak Bar., Kec. Cilandak, Kota Jakarta Selatan, Daerah Khusus Ibukota Jakarta 12430"
35,Kue Ape,https://images.tokopedia.net/img/JFrBQq/2024/5/30/81263e90-58c2-47d0-bccd-05428ce7f303.png,"Namanya diambil dari kata ""Ape"" yang berarti ""Apa"". Diberi nama kue ape lantaran orang di zaman dulu tidak mengetahui nama kue yang satu ini. Makanan ini sering disajikan di berbagai acara seperti pernikahan atau perayaan lainnya. Kue ape terbuat dari tepung beras dan santan dengan warna hijau terang. Berbentuk bulat dengan pinggiran yang renyah dan bagian tengah yang empuk, membuatnya jadi camilan bersantai yang menyenangkan.",Makanan Tradisional,2000,Aqilla Bakery,Jakarta Selatan,Kebayoran Lama,"Jl. Musholla Faturrahman 2 no.11C disamping musholla Faturrahman, RT.2/RW.4, Grogol Sel., Kec. Kby. Lama, Kota Jakarta Selatan, Daerah Khusus Ibukota Jakarta 11560"
36,Rujak Juhi,https://images.tokopedia.net/img/JFrBQq/2024/5/30/c6fa8ffb-a0a9-47fd-9b3c-e8e147f529f7.png,"Rujak Juhi merupakan perpaduan dua budaya Tionghoa dan Betawi. Juhi memiliki arti sotong atau cumi yang telah melalui proses pengeringan. Adapun rujak juhi ini berisikan buah-buahan, mie, soun, kecambah, dan sawi.",Makanan Tradisional,18000,SI BUHUN,Jakarta Selatan,Kebayoran Baru,"Jl. Panglima Polim II, Melawai, Kec. Kby. Baru, Kota Jakarta Selatan, Daerah Khusus Ibukota Jakarta 12160"
37,Kue Talam,https://images.tokopedia.net/img/JFrBQq/2024/5/30/e61e8622-bd9b-47af-bacd-6c26b71c9dcb.png,"Kue talam merupakan salah satu jenis camilan tradisional yang masih banyak digemari hingga saat ini. Kue yang satu ini memiliki cita rasa manis dan gurih dengan warna yang beragam. Masuk ke dalam kelompok kue basah, kue talam bisa kamu temukan di pasar tradisional Jakarta.",Makanan Tradisional,3000,Aqilla Bakery,Jakarta Selatan,Kebayoran Lama,"Jl. Musholla Faturrahman 2 no.11C disamping musholla Faturrahman, RT.2/RW.4, Grogol Sel., Kec. Kby. Lama, Kota Jakarta Selatan, Daerah Khusus Ibukota Jakarta 11560"
38,Tape Uli,https://images.tokopedia.net/img/JFrBQq/2024/5/30/d594f7cb-8140-4200-9ecf-078681ebf1f1.png,"Tape Uli merupakan makanan khas Jakarta. Hidangan ini terbuat dari paduan tape, ketan hitam, dan uli alias beras ketan kukus. Jika dimakan bersamaa, kamu akan merasakan sensasi rasa manis dan asam yang sangat sempurna.",Makanan Tradisional,15000,Aqilla Bakery,Jakarta Selatan,Kebayoran Lama,"Jl. Musholla Faturrahman 2 no.11C disamping musholla Faturrahman, RT.2/RW.4, Grogol Sel., Kec. Kby. Lama, Kota Jakarta Selatan, Daerah Khusus Ibukota Jakarta 11560"
39,Kue Rangi,https://images.tokopedia.net/img/JFrBQq/2024/5/30/b9b8715b-9621-4386-874a-9736a684a335.png,"Kue Rangi terbuat dari campuran tepung kanji atau sagu yang dicampurkan dengan kelapa parut, lalu dipanggang dengan tungku kecil. Kue rangi baisanya disajikan dengan olesan gula merah yang kental dengan sedikit tepung kanji.",Makanan Tradisional,4000,Aqilla Bakery,Jakarta Selatan,Kebayoran Lama,"Jl. Musholla Faturrahman 2 no.11C disamping musholla Faturrahman, RT.2/RW.4, Grogol Sel., Kec. Kby. Lama, Kota Jakarta Selatan, Daerah Khusus Ibukota Jakarta 11560"
40,Bubur Ase,https://images.tokopedia.net/img/JFrBQq/2024/5/30/97b9a0c3-6510-48f9-b7a0-d1c4ed8a8700.png,"Bubur Ase umumnya dibuat dengan resep turun temurun, sehingga tidak semua orang bisa membuatnya. Bubur ase mungkin mirip dengan bubur nasi biasa, namun bubur ase dilengkapi dengan tetelan, kentang, tahu, dan disiram dengan kuah semur. Kuah iniilah yang dsebut dengan ""ase"". Selain itu, biasanya bubur ini juga dilengkapi dengan taburan teri dan asinan yang membuatnya semakin menggugah selera.",Makanan Tradisional,23000,Warung Sarapan Ncing Mamat,Jakarta Selatan,Tebet,"Jl. Kp. Melayu Besar 1, Bukit Duri, Kec. Tebet, Kota Jakarta Selatan, Daerah Khusus Ibukota Jakarta 12830"
41,Capcay Udang,https://img.kurio.network/o2P3WN_yzr5CjLk9Eusxk6Z8sGk=/440x440/filters:quality(80)/https://kurio-img.kurioapps.com/22/03/01/9dd05cbd-f275-41d4-aa62-b65f117d2b55.jpe,"Tumisan sayuran campur dengan berbagai jenis sayuran seperti wortel, brokoli, kembang kol, dan udang. Kaya akan serat, vitamin, dan mineral yang baik untuk pencernaan dan sistem kekebalan tubuh.",Makanan Sehat,25000,Gentong Haris,Jakarta Selatan,Jagakarsa,"Jl. Muamalah 6 No. 3, Jagakarsa, Jakarta"
42,Edamame,https://static.honestdocs.id/system/blog_articles/main_hero_images/000/001/782/original/12_Manfaat_Edamame_'Kedelai_Jepang'_Bagi_Kesehatan.jpg,"Edamame adalah kedelai muda yang dikukus atau direbus. Mengandung protein nabati dan serat, edamame baik untuk kesehatan otot dan pencernaan.",Makanan Sehat,30000,Sushi Hiro,Jakarta Selatan,Kebayoran Lama," Pd. Indah Mall Street Gallery, Jl. Metro Pondok Indah No.106 Lantai 1, RT.1/RW.16, Pondok Indah, Kec. Kby. Lama, Kota Jakarta Selatan, Daerah Khusus Ibukota Jakarta 12310"
43,Smoothies bowl,https://img.taste.com.au/KZJZuz9r/taste/2016/11/fruity-smoothie-bowl-106970-1.jpeg,"Smoothie bowl terdiri dari buah-buahan yang dihaluskan seperti pisang, mangga, atau stroberi, dan disajikan dalam mangkuk dengan topping biji-bijian, granola, dan buah segar. Smoothie bowl adalah sumber serat, antioksidan, dan vitamin yang baik untuk tubuh.",Makanan Sehat,77778,Don Bakeshop,Jakarta Selatan,Kebayoran Lama,"Pd. Indah Mall Street Gallery, Jl. Metro Pondok Indah, RT.1/RW.16, Pd. Pinang, Kec. Kby. Lama, Kota Jakarta Selatan, Daerah Khusus Ibukota Jakarta 12310"
44,Sayur bayam tauge,https://img-global.cpcdn.com/recipes/db00dde386184837/680x482cq70/sayur-bayam-toge-rabubaru-foto-resep-utama.jpg,"Sayur bayam tauge adalah sajian sederhana sup mengandung bayam dan tauge yang kaya akan zat besi, vitamin A, dan vitamin C. Bayam juga mengandung antioksidan yang baik untuk menjaga kesehatan mata dan kulit.",Makanan Sehat,20000,Gentong Haris,Jakarta Selatan,Jagakarsa,"Jl. Muamalah 6 No. 3, Jagakarsa, Jakarta"
45,Sayur sop ayam,https://img.kurio.network/WjaSKTkQ3AqAOPKcaaqVaD59cUw=/1200x1200/filters:quality(80)/https://kurio-img.kurioapps.com/21/03/16/13551ab1-ff38-4b82-9c7f-a743794843f0.jpe,"Sayur sop ayam adalah sup sayuran yang biasanya berisi ayam, wortel, kentang, kol, dan daun bawang. Kaya akan serat dan vitamin, sayur sop membantu meningkatkan kekebalan tubuh serta menjaga kesehatan pencernaan.",Makanan Sehat,27000,Gentong Haris,Jakarta Selatan,Jagakarsa,"Jl. Muamalah 6 No. 3, Jagakarsa, Jakarta"
46,Tumis buncis tempe,https://www.masakapahariini.com/wp-content/uploads/2018/08/tumis_buncis_tahu_tempe_MAHI-3.jpg,"Tumis buncis tempe adalah hidangan buncis dan tempe yang dimasak dengan bawang putih, bawang merah, dan cabai. Tempe dan buncis adalah sumber protein nabati yang kaya, bagus untuk kekuatan otot dan kesehatan tulang.",Makanan Sehat,18000,Gentong Haris,Jakarta Selatan,Jagakarsa,"Jl. Muamalah 6 No. 3, Jagakarsa, Jakarta"
47,Karedok,https://radarbanyumas.disway.id/upload/dcf7df098ca5d2c80cd793be1d90748d.jpg,"Karedok adalah makanan khas Indonesia yang terdiri dari sayuran mentah seperti kacang panjang, terong, dan timun, disajikan dengan saus kacang yang gurih. Ini adalah sumber serat dan vitamin yang baik.",Makanan Sehat,24000,Warung Betawi,Jakarta Selatan,Jagakarsa,"Jl. Moh. Kahfi 1 No.1, RT.3/RW.4, Jagakarsa, Kec. Jagakarsa, Kota Jakarta Selatan, Daerah Khusus Ibukota Jakarta 12620"
48,Nasi tim,https://www.masakapahariini.com/wp-content/uploads/2022/08/cara-membuat-nasi-tim-ayam-sayuran-mpasi.jpg,"Nasi tim adalah hidangan nasi yang dimasak bersama daging ayam, biasanya disajikan dengan kuah kaldu dan sayuran. Nasi tim sangat cocok untuk mereka yang membutuhkan makanan yang mudah dicerna. Kaya akan protein dari ayam, nasi tim juga mengandung karbohidrat kompleks yang memberikan energi. ",Makanan Sehat,33000,Hainan Bowls,Jakarta Selatan,Pasar Minggu,"Food court Gonku Ramen, Jl. Salihara No.6, Ps. Minggu, Kota Jakarta Selatan, Daerah Khusus Ibukota Jakarta 12540"
49,Salmon sashimi,https://www.glorimelamine.com/wp-content/uploads/Resep-Masak-Shashimi-Sederhana-di-Rumah.jpg,Salmon sashimi adalah hidangan Jepang yang terdiri dari irisan tipis ikan mentah segar salmon yang disajikan tanpa nasi.,Makanan Sehat,31200,Sushi Hiro,Jakarta Selatan,Kebayoran Lama," Pd. Indah Mall Street Gallery, Jl. Metro Pondok Indah No.106 Lantai 1, RT.1/RW.16, Pondok Indah, Kec. Kby. Lama, Kota Jakarta Selatan, Daerah Khusus Ibukota Jakarta 12310"
50,Pecel sayur,https://www.unileverfoodsolutions.co.id/dam/global-ufs/mcos/SEA/calcmenu/recipes/ID-recipes/chicken-&-other-poultry-dishes/pecel-madiun/main-header.jpg,"Pecel sayur terdiri dari berbagai macam sayuran rebus seperti kacang panjang, tauge, dan kangkung yang disajikan dengan bumbu kacang. Kaya serat, vitamin, dan rendah kalori, pecel sayur baik untuk pencernaan.",Makanan Sehat,18100,Dapur Rah,Jakarta Selatan,Cilandak,"Jl. Karang Sari No.13, RT.3/RW.3, Lb. Bulus, Kec. Cilandak, Kota Jakarta Selatan, Daerah Khusus Ibukota Jakarta 12440"
51,Urap sayuran,https://cdn0-production-images-kly.akamaized.net/7ziX4rzBe-65fTjEvIxBCd1b-QY=/0x272:770x706/1200x675/filters:quality(75):strip_icc():format(jpeg)/kly-media-production/medias/3985566/original/066187400_1649142833-shutterstock_1893315157.jpg,"Urap sayuran adalah campuran sayuran rebus seperti tauge, bayam, dan kacang panjang, dicampur dengan kelapa parut yang dibumbui. Urap kaya serat dan vitamin, bagus untuk kesehatan pencernaan dan sistem kekebalan tubuh.",Makanan Sehat,15000,Warung Makan Khair,Jakarta Selatan,Pasar Minggu,"Jl. H.Khair No.9, RT.1/RW.4, Ragunan, Ps. Minggu, Kota Jakarta Selatan, Daerah Khusus Ibukota Jakarta 12550"
52,Kimchi,https://www.masakapahariini.com/wp-content/uploads/2019/08/kimchi.jpg,"Kimchi adalah sayuran yang difermentasi seperti sawi putih dan lobak, yang memiliki probiotik alami. Makanan ini baik untuk kesehatan usus dan sistem kekebalan tubuh.",Makanan Sehat,15000,Mujigae,Jakarta Selatan,Kebayoran Baru,"7, Jl. Petogogan I No.21, RT.7/RW.7, Pulo, Kec. Kby. Baru, Kota Jakarta Selatan, Daerah Khusus Ibukota Jakarta 12140"
53,Bubur kacang hijau,https://jamberita.com/foto_berita/2021/04/25/50images28.jpg,Bubur kacang hijau adalah hidangan yang terbuat dari kacang hijau yang dimasak dengan gula dan santan. Kacang hijau mengandung protein nabati dan serat yang baik untuk pencernaan.,Makanan Sehat,13300,Dapur Rah,Jakarta Selatan,Cilandak,"Jl. Karang Sari No.13, RT.3/RW.3, Lb. Bulus, Kec. Cilandak, Kota Jakarta Selatan, Daerah Khusus Ibukota Jakarta 12440"
54,Miso soup,https://www.yummytummyaarthi.com/wp-content/uploads/2021/03/miso-soup-1.jpg,"Miso soup adalah sup tradisional Jepang yang dibuat dengan pasta miso, rumput laut, dan tahu. Makanan ini kaya probiotik dan mengandung berbagai vitamin yang baik untuk kesehatan pencernaan.",Makanan Sehat,18000,Sushi Hiro,Jakarta Selatan,Kebayoran Lama," Pd. Indah Mall Street Gallery, Jl. Metro Pondok Indah No.106 Lantai 1, RT.1/RW.16, Pondok Indah, Kec. Kby. Lama, Kota Jakarta Selatan, Daerah Khusus Ibukota Jakarta 12310"
55,Sourdough,https://images.squarespace-cdn.com/content/v1/5c2d2d10b27e398709a72eb2/1589136385966-J3QKIEHAL8918AMAHF4Q/beginner_sourdough_bread_recipe.jpg,Sourdough adalah roti yang dibuat melalui proses fermentasi alami. Roti ini lebih mudah dicerna dan memiliki probiotik alami yang baik untuk kesehatan pencernaan.,Makanan Sehat,61112,Don Bakeshop,Jakarta Selatan,Kebayoran Lama,"Pd. Indah Mall Street Gallery, Jl. Metro Pondok Indah, RT.1/RW.16, Pd. Pinang, Kec. Kby. Lama, Kota Jakarta Selatan, Daerah Khusus Ibukota Jakarta 12310"
56,Spring roll,https://www.sasa.co.id/medias/page_medias/resep_spring_roll_vietnam.jpg,"Spring rolls adalah sayuran segar yang dibungkus dengan kulit lumpia. Ini adalah makanan rendah kalori, kaya serat, dan vitamin, baik untuk menjaga kesehatan tubuh.",Makanan Sehat,23200,Saigon Street Food,Jakarta Selatan,Tebet,"Jl. Tebet Barat I No.A5, Tebet Bar., Kec. Tebet, Kota Jakarta Selatan, Daerah Khusus Ibukota Jakarta 12810"
57,Lalapan,https://asset.kompas.com/crops/rWlEqJ4Bnezcdbl07i7_os26sCU=/0x29:953x664/750x500/data/photo/2021/09/25/614ea82668776.jpg,Lalapan adalah hidangan sayuran mentah yang biasanya disajikan dengan sambal. Sayuran mentah seperti mentimun dan selada memberikan asupan vitamin C dan antioksidan.,Makanan Sehat,10000,Warung Makan Khair,Jakarta Selatan,Pasar Minggu,"Jl. H.Khair No.9, RT.1/RW.4, Ragunan, Ps. Minggu, Kota Jakarta Selatan, Daerah Khusus Ibukota Jakarta 12550"
58,Nasi merah,https://images.bisnis.com/posts/2020/02/02/1196377/beras1.jpg,"Nasi merah adalah sumber karbohidrat kompleks yang kaya serat, membantu menjaga kadar gula darah stabil dan membuat kenyang lebih lama.",Makanan Sehat,21200,Warung Leko,Jakarta Selatan,Kebayoran Lama,"Jl. Sultan Iskandar Muda No.10, RT.10/RW.6, Kby. Lama Utara, Kec. Kby. Lama, Kota Jakarta Selatan, Daerah Khusus Ibukota Jakarta 12240"
59,Ubi bakar cilembu,https://cdn0-production-images-kly.akamaized.net/rHnRaePyYaYt90y8kubgxlPZSbQ=/0x83:999x646/800x450/filters:quality(75):strip_icc():format(webp)/kly-media-production/medias/4875109/original/009535000_1719377740-shutterstock_2362497929.jpg,"Ubi bakar Cilembu adalah ubi manis yang dipanggang hingga mengeluarkan gula alami. Mengandung serat dan vitamin A, makanan ini baik untuk pencernaan dan kesehatan mata.",Makanan Sehat,36000,Ubi Cilembu Mang Adi,Jakarta Selatan,Pesanggrahan,"Jl. Ulujami Raya No.9, RT.9/RW.1, Pesanggrahan, jakarta, Kota Jakarta Selatan, Daerah Khusus Ibukota Jakarta 12250"
60,Banaberry oatmeal,https://oatseveryday.com/wp-content/uploads/2017/06/Banana_Berry_Oatmeal_recipe.jpg,"Original Oatmeal dengan Stevia dan Brown Sugar Organik, Choco Granola, Banana & Strawberry dengan Honey Drizzle dan Chia Seed, Dried Plum, Roasted Almond Slices, Roasted Sunflower Seed. Makanan tinggi serat yang membantu menjaga kesehatan jantung dan mengatur kadar gula darah. Cocok untuk sarapan yang memberikan energi tahan lama.",Makanan Sehat,49000,Oataku,Jakarta Selatan,Setiabudi,"Jl. KH. Ilyas No.40, RT.15/RW.7, Kuningan, Karet Kuningan, Kecamatan Setiabudi, Kota Jakarta Selatan, Daerah Khusus Ibukota Jakarta 12940"
61,Egg Chicken Roll,https://images.tokopedia.net/img/cache/500-square/product-1/2017/2/24/7243868/7243868_62605fb9-ce6a-47d7-bd61-a846f089706a_590_393.jpg,Egg chicken roll terbuat dari olahan daging ayam yang digulung dengan telur dan dimasak dengan metode deep fried.,Makanan Cepat Saji,34500,Hokben,Jakarta Selatan,Kebayoran Lama,"Jl. Sultan Iskandar Muda No.8B, Kby. Lama Sel., Kec. Kby. Lama, Kota Jakarta Selatan, Daerah Khusus Ibukota Jakarta 12240"
62,Niku Udon,https://static01.nyt.com/images/2022/10/19/dining/19kenjirex-udon1/19kenji3-threeByTwoMediumAt2X.jpg,Mie Udon disajikan dengan sup kake dashi dan daging sapi sukiyaki impor yang manis juga gurih.,Makanan Cepat Saji,58000,Marugame Udon,Jakarta Selatan,Cilandak,"Jl. TB Simatupang No.17, RT.6/RW.9, Cilandak Bar., Kec. Cilandak, Kota Jakarta Selatan, Daerah Khusus Ibukota Jakarta 12430"
63,Nasi Ayam Geprek Keju,https://ayamkeprabon.com/data/foto_berita/ayam%20geprek%20blenger.jpg,"Nasi dengan ayam geprek, telur, keju mozzarella, dan sambal dengan level kepedasan yang berbeda-beda",Makanan Cepat Saji,29000,Ayam Keprabon Express,Jakarta Selatan,Kebayoran Baru,"Jl. Radio Dalam Raya No.14D, Gandaria Utara, Kec. Kby. Baru, Kota Jakarta Selatan, Daerah Khusus Ibukota Jakarta 12140"
64,Beef Yakiniku,https://www.dreamers.id/img_artikel/11resep-beef-yakiniki-makanan-jepang.jpg,"Daging sapi premium, irisan bawang bombay dan paprika hijau dimasak dengan saus yakiniku spesial.",Makanan Cepat Saji,43500,Hokben,Jakarta Selatan,Kebayoran Lama,"Jl. Sultan Iskandar Muda No.8B, Kby. Lama Sel., Kec. Kby. Lama, Kota Jakarta Selatan, Daerah Khusus Ibukota Jakarta 12240"
65,Mie Ayam Pedas,https://i0.wp.com/resepkoki.id/wp-content/uploads/2020/03/Resep-Mie-Setan.jpg?fit=1079%2C1214&ssl=1,"Mie ayam dengan rasa manis dan spicy, tersedia pilihan level kepedasan",Makanan Cepat Saji,15000,Mie Gacoan,Jakarta Selatan,Tebet,"Jl. Tebet Raya No.35, RT.2/RW.2, Tebet Tim., Kec. Tebet, Kota Jakarta Selatan, Daerah Khusus Ibukota Jakarta 12820"
66,Fire Chicken,https://www.pinhome.id/blog/wp-content/uploads/2023/12/Ayam-goreng-saus-pedas.jpg,Ayam goreng crispy dengan balutan saus BBQ yang memiliki level kepedasan berbeda,Makanan Cepat Saji,27273,Richeese Factory,Jakarta Selatan,Tebet,"Jl. Letjen M.T. Haryono Kav 8, Unit No. 5 & 6, Tebet Bar., Kec. Tebet, Kota Jakarta Selatan, Daerah Khusus Ibukota Jakarta 12810"
67,Nasi Goreng,https://www.blibli.com/friends-backend/wp-content/uploads/2023/04/B300026-Cover-resep-nasi-goreng-scaled.jpg,"Nasi yang digoreng dengan bumbu seperti bawang putih, bawang merah, kecap manis, dan rempah-rempah lain.",Makanan Cepat Saji,34545,Bakmi GM,Jakarta Selatan,Kebayoran Baru,"Jl. Melawai Raya No.3 4, RT.4/RW.5, Melawai, Kec. Kby. Baru, Kota Jakarta Selatan, Daerah Khusus Ibukota Jakarta 12160"
68,Cheese Burger,https://img.freepik.com/premium-photo/burger-food-food-photography-cheese-burger_1272795-23.jpg,Burger yang terdiri dari patty daging sapi yang dimasak dan diberi selembar keju di atasnya,Makanan Cepat Saji,57000,Lawless Burger,Jakarta Selatan,Mampang Prapatan,"Jl. Kemang Selatan VIII No.67K 7, RT.7/RW.2, Bangka, Kec. Mampang Prpt., Kota Jakarta Selatan, Daerah Khusus Ibukota Jakarta 12730"
69,Mie Goreng,https://aslimasako.com/storage/post/new-title-29022024-100423.jpg,Mie kuning yang digoreng dengan sedikit minyak dengan bumbu rempah-rempah khas Indonesia,Makanan Cepat Saji,40000,Bakmi GM,Jakarta Selatan,Kebayoran Baru,"Jl. Melawai Raya No.3 4, RT.4/RW.5, Melawai, Kec. Kby. Baru, Kota Jakarta Selatan, Daerah Khusus Ibukota Jakarta 12160"
70,Spicy Chicken Strips,https://www.thespruceeats.com/thmb/c86z_0bK4zKAU70EdvqFeHftXpE=/1500x0/filters:no_upscale():max_bytes(150000):strip_icc()/spicy-fried-chicken-strips-3056880-hero-01-e5bad43e0d3441749f17c1b98b5486c2.jpg,"Potongan daging ayam yang dibumbui dengan campuran rempah-rempah pedas, kemudian digoreng hingga renyah",Makanan Cepat Saji,25000,Jatinangor House,Jakarta Selatan,Tebet,"Jl. Manggarai Selatan I No.25, RT.11/RW.1, Manggarai, Kec. Tebet, Kota Jakarta Selatan, Daerah Khusus Ibukota Jakarta 12850"
71,Waffle Chicken Sandwich,https://recipes.net/wp-content/uploads/2023/05/chicken-and-waffle-breakfast-sandwich-recipe_d39572f0e99846a398fad3d9172131a0.jpeg,Perpaduan antara ayam goreng renyah dan waffle yang lembut serta sedikit manis,Makanan Cepat Saji,48000,Flip N Fry,Jakarta Selatan,Kebayoran Lama,"Jl. Metro Pondok Indah Kav.IV/TA, Pd. Pinang, Kec. Kby. Lama, Daerah Khusus Ibukota Jakarta 12310"
72,Kebab,https://asset.kompas.com/crops/-hD1YcDUzfsLZOgxLg5DiyyP5Yg=/100x114:900x647/750x500/data/photo/2023/10/23/6536a299a300a.jpg,"Daging yang dipotong tipis-tipis, ditumpuk, dan dipanggang secara vertikal. Daging ini kemudian diiris dan disajikan dalam roti pita atau flatbread.",Makanan Cepat Saji,34545,Doner Kebab,Jakarta Selatan,Tebet,"Jl. Raya Casablanca No.88 16, RT.16/RW.5, Menteng Dalam, Kec. Tebet, Kota Jakarta Selatan, Daerah Khusus Ibukota Jakarta 12870"
73,Nasi Ikan Goreng Tepung,https://img.kurio.network/Q1IfigOAfyZQ5-Wsyk7FBJAd6Kg=/1200x1200/filters:quality(80)/https://kurio-img.kurioapps.com/22/01/18/4fd7497f-8314-403b-8ebf-a55313fb1aba.jpe,Nasi dengan ikan goreng dibalut tepung dengan pilihan sambal khas Indonesia,Makanan Cepat Saji,19000,Ngikan,Jakarta Selatan,Cilandak,"Kampung Artis, Jl. Lebak Bulus I No.5, RT.1/RW.1, Lb. Bulus, Kec. Cilandak, Kota Jakarta Selatan, Daerah Khusus Ibukota Jakarta 12440"
74,Pangsit Goreng,https://www.sasa.co.id/medias/page_medias/Screen_Shot_2021-07-19_at_16_32_53.png,Pangsit ayam atau udang yang digoreng renyah dengan saus asam manis,Makanan Cepat Saji,15455,Bakmi GM,Jakarta Selatan,Kebayoran Baru,"Jl. Melawai Raya No.3 4, RT.4/RW.5, Melawai, Kec. Kby. Baru, Kota Jakarta Selatan, Daerah Khusus Ibukota Jakarta 12160"
75,Chicken Burger,https://asset.kompas.com/crops/S7vCL7w60DW4gZvn427A4K1KZKE=/120x113:815x577/750x500/data/photo/2022/01/25/61ef4b60ead1d.jpeg,Burger ayam goreng dengan saus Nashville yang pedasnya smokey dari cayenne pepper,Makanan Cepat Saji,39000,KFC,Jakarta Selatan,Jagakarsa,"Jl. Raya Lenteng Agung No.10, RT.5/RW.2, Srengseng Sawah, Kec. Jagakarsa, Kota Jakarta Selatan, Daerah Khusus Ibukota Jakarta 12630"
76,Fried Chicken,https://static.toiimg.com/thumb/61589069.cms?width=1200&height=900,"Hidangan yang terdiri dari potongan daging ayam yang dilapisi dengan tepung atau adonan yang dibumbui, kemudian digoreng.",Makanan Cepat Saji,16818,KFC,Jakarta Selatan,Jagakarsa,"Jl. Raya Lenteng Agung No.10, RT.5/RW.2, Srengseng Sawah, Kec. Jagakarsa, Kota Jakarta Selatan, Daerah Khusus Ibukota Jakarta 12630"
77,Kentang Goreng Bumbu,https://asset.kompas.com/crops/3_pP4G38V1ulz1HVZJuCZv0Cjy8=/0x2:880x588/750x500/data/photo/2022/09/14/632159cd811f2.jpg,Kentang yang digoreng renyah dan diberikan beragam pilihan rasa,Makanan Cepat Saji,25000,Shake Shake In A Tub,Jakarta Selatan,Kebayoran Lama,"Jl. Metro Pondok Indah Kav.IV/TA, Pd. Pinang, Kec. Kby. Lama, Daerah Khusus Ibukota Jakarta 12310"
78,Crispy Chicken,https://www.masakapahariini.com/wp-content/uploads/2021/08/Ayam-Crispy-Taiwan.jpg,Ayam yang dibaluti dengan tepung yang digoreng hingga renyah dan diberikan bumbu,Makanan Cepat Saji,43000,Shihlin,Jakarta Selatan,Kebayoran Lama,"Lower Ground # 107A, Gandaria City, Jl KH. M. Syafii Hadzami no. 8, Kebayoran Lam, RT.10/RW.6, Kby. Lama Utara, Kec. Kby. Lama, Kota Jakarta Selatan, Daerah Khusus Ibukota Jakarta 12240"
79,Chicken Katsu,"https://cdn.apartmenttherapy.info/image/upload/f_jpg,q_auto:eco,c_fill,g_auto,w_1500,ar_4:3/k%2FPhoto%2FRecipes%2F2024-05-chicken-katsu-190%2Fchicken-katsu-190-069-horizontal",Ayam fillet yang dibaluti tepung panko/roti dan digoreng hingga renyah,Makanan Cepat Saji,35000,Kimukatsu,Jakarta Selatan,Pasar Minggu,"Jl. Warung Jati Barat No.39, RT.1/RW.5, Jati Padang, Ps. Minggu, Kota Jakarta Selatan, Daerah Khusus Ibukota Jakarta 12540"
80,Pepperoni Pizza,https://i0.wp.com/www.amysrecipebook.com/wp-content/uploads/2021/01/pepperonipizza-8-web.jpg?resize=1024%2C683&ssl=1,Pizza dengan topping pepperoni sapi dan keju mozzarella,Makanan Cepat Saji,96364,Pizza Hut,Jakarta Selatan,Kebayoran Lama,"Jl. Moch. Kahfi II No.24, RT.7/RW.3, Cipedak, Kec. Jagakarsa, Kota Jakarta Selatan, Daerah Khusus Ibukota Jakarta 12630"
81,Pourred Tiramisu Cake,https://www.google.com/url?sa=i&url=https%3A%2F%2Fpergikuliner.com%2Frestaurants%2Fjakarta%2Fscarlett-s-cafe-senopati&psig=AOvVaw2n8H74pB0Ov7eQkzevGhQN&ust=1728372859924000&source=images&cd=vfe&opi=89978449&ved=0CBQQjRxqFwoTCIiFwuTg-4gDFQAAAAAdAAAAABAE,Sebuah hidangan penutup klasik dengan rasa creamy dan pahit yang berpadu sempurna. Kue tiramisu ini disajikan dengan lapisan kue yang lembut dan siraman saus kopi espresso yang kental. ,Makanan Penutup,60000,Scarlett's,Jakarta Selatan,Kebayoran Baru,"Jl. Sultan Hasanudin Dalam, Blok M, Kebayoran Baru, Jakarta Selatan"
82,Matcha Strawberry,https://assets-pergikuliner.com/9MybUAe5TX79uk4WcoGdP9E-SBA=/624x0/smart/filters:no_upscale()/https://assets-pergikuliner.com/uploads/image/picture/2980149/picture-1689857076.JPG,Hidangan penutup ini memadukan kekayaan rasa matcha dengan kesegaran stroberi yang manis. Potongan kue yang lembut dengan lapisan krim matcha yang ringan dan topping stroberi segar menjadikan dessert ini pilihan yang pas bagi pecinta matcha.,Makanan Penutup,75000,Scarlett's,Jakarta Selatan,Kebayoran Baru,"Jl. Sultan Hasanudin Dalam, Blok M, Kebayoran Baru, Jakarta Selatan"
83,Cookie D'OH Gelato,"https://assets-pergikuliner.com/pvidG9v_YDsAKkj-zaWxSzb5sno=/624x0/smart/filters:watermark(https://assets-pergikuliner.com/uploads/image/picture/401639/picture-1481204613.png,-0,-3,20):no_upscale()/https://assets-pergikuliner.com/uploads/image/picture/3155320/picture-1704968481.jpg",Gelato dengan tekstur lembut dan rasa unik yang terinspirasi dari adonan kue. Kombinasi rasa manis dan gurih dari gelato ini membuatnya terasa kaya dan memanjakan lidah.,Makanan Penutup,45000,Cold Moo,Jakarta Selatan,Kebayoran Baru,"Ruko Darmawangsa Square, No. 20, Jl. Darmawangsa VI, Darmawangsa, Kebayoran Baru, Jakarta Selatan"
84,Special K Gelato,"https://assets-pergikuliner.com/v5rbuoDZ_MCznySd4p0DaXAXRWI=/624x0/smart/filters:watermark(https://assets-pergikuliner.com/uploads/image/picture/401639/picture-1481204613.png,-0,-3,20):no_upscale()/https://assets-pergikuliner.com/uploads/image/picture/3155321/picture-1704968578.jpg","Gelato dengan rasa creamy yang kaya dan rasa manis yang pas, disajikan dengan tambahan topping renyah yang memberikan tekstur kontras.",Makanan Penutup,45000,Cold Moo,Jakarta Selatan,Kebayoran Baru,"Ruko Darmawangsa Square, No. 20, Jl. Darmawangsa VI, Darmawangsa, Kebayoran Baru, Jakarta Selatan"
85,Dark Chocolate Ice Cream,https://images.tokopedia.net/img/cache/700/product-1/2020/4/21/83814180/83814180_9e391bd7-8a78-49e0-92d6-8066837fa33c_600_600,Es krim cokelat dengan rasa cokelat pekat yang intens dan tekstur yang lembut. Kelezatan es krim ini akan memanjakan pecinta cokelat dengan rasa yang kaya dan tidak terlalu manis.,Makanan Penutup,45000,Paris Sorbet,Jakarta Selatan,Kebayoran Baru,"Jl. Sultan Hasanudin Dalam, Blok M, Kebayoran Baru, Jakarta Selatan"
86,Donat Bahagia Package,https://cdn.idntimes.com/content-images/post/20230803/363817291-18224574733242755-3803106520048512043-n-a50398cbb96dcdd30afa130eef933306_600x400.jpg,"Paket donat dengan berbagai varian rasa dan topping yang menggoda. Setiap gigitan memberikan sensasi kenikmatan yang lembut dan manis, cocok untuk dinikmati bersama keluarga atau teman-teman.",Makanan Penutup,114000,Donat Bahagia,Jakarta Selatan,Cilandak,"Jl. Cipete Dalam No. 37, Fatmawati, Jakarta Selatan"
87,Moreau Crepe,https://assets-pergikuliner.com/L0YLtfXrG8Lh0fPdHlu-jXN3T0E=/312x0/smart/https://assets-pergikuliner.com/uploads/image/picture/2321847/picture-1633772603.jpg,"Crepe tipis yang dilipat dengan isian krim yang lezat dan topping buah segar. Rasa manis yang pas berpadu dengan tekstur lembut crepe, memberikan sensasi yang menyenangkan pada setiap gigitan.",Makanan Penutup,71000,MOREAU Chocolatier's Cafe,Jakarta Selatan,Mampang Prapatan,"13, Jl. Kemang Raya No.31, RT.13/RW.1, Bangka, Kec. Mampang Prpt., Kota Jakarta Selatan, Daerah Khusus Ibukota Jakarta 12720"
88,Fete DE Crepes,https://encrypted-tbn0.gstatic.com/images?q=tbn:ANd9GcShA5TZfItOIIsy-yvbpBqCM0bXIk3fERLquQ&s,Crepe premium dengan berbagai lapisan isian mewah dan topping krim yang disusun dengan indah. Kombinasi rasa manis dan tekstur crepe yang lembut menjadikannya sajian elegan,Makanan Penutup,96000,MOREAU Chocolatier's Cafe,Jakarta Selatan,Mampang Prapatan,"13, Jl. Kemang Raya No.31, RT.13/RW.1, Bangka, Kec. Mampang Prpt., Kota Jakarta Selatan, Daerah Khusus Ibukota Jakarta 12720"
89,Mille Crepes Redvelvet,https://assets-pergikuliner.com/kA98I2tjFMbmJpO_UbzpA5IevQo=/770x580/smart/filters:no_upscale()/https://assets-pergikuliner.com/uploads/image/picture/2726009/picture-1669102986.jpg,"Kue crepe dengan lapisan tipis yang disusun berulang-ulang, menciptakan tekstur yang unik dan rasa yang memikat. Red velvet yang manis dengan aroma khas kakao memberikan kelezatan tersendiri pada kue ini",Makanan Penutup,34000,Bloomery Patisserie,Jakarta Selatan,Cilandak,"Jl. Haji Nawi Raya No. 28A, Cilandak, Jakarta Selatan"
90,Raspaberry Ice Cream,https://assets-pergikuliner.com/Z5KBvm-ylsEYkPnk3968EMEZx1k=/770x580/smart/filters:no_upscale()/https://assets-pergikuliner.com/uploads/image/picture/2227884/picture-1621496127.jpg,Es krim dengan rasa raspberry yang segar dan sedikit asam. Teksturnya yang lembut memberikan sensasi yang menyenangkan di mulut.,Makanan Penutup,45000,Paris Sorbet,Jakarta Selatan,Kebayoran Baru,"Jl. Sultan Hasanudin Dalam, Blok M, Kebayoran Baru, Jakarta Selatan"
91,Mille Crepes Matcha,https://assets-pergikuliner.com/TEn9FCZ4ybsb6fIpwwvaQnzFTgw=/770x580/smart/filters:no_upscale()/https://assets-pergikuliner.com/uploads/image/picture/2726010/picture-1669102986.jpg,Mille crepes yang disusun dengan sempurna dan diberi rasa matcha yang autentik. Setiap lapisannya menawarkan keseimbangan antara rasa manis dan sedikit pahit dari matcha,Makanan Penutup,33000,Bloomery Patisserie,Jakarta Selatan,Cilandak,"Jl. Haji Nawi Raya No. 28A, Cilandak, Jakarta Selatan"
92,Jasmine Mango Szechuan,https://manual.co.id/wp-content/uploads/2023/07/15_Flor-360_Website-980x719.jpg,Hidangan penutup unik yang memadukan kelembutan jasmine dengan rasa segar mangga dan sedikit sensasi pedas dari szechuan.,Makanan Penutup,84000,FLOR,Jakarta Selatan,Kebayoran Baru,"Jl. Gunawarman No.11 A, Selong, Kec. Kby. Baru, Jakarta, Daerah Khusus Ibukota Jakarta 12110"
93,Hazelnut,https://manual.co.id/wp-content/uploads/2023/07/14_Flor-378_Website-980x719.jpg,Hidangan penutup dengan rasa hazelnut yang kaya dan creamy. Setiap suapan memberikan rasa manis dengan aroma hazelnut yang khas,Makanan Penutup,84000,FLOR,Jakarta Selatan,Kebayoran Baru,"Jl. Gunawarman No.11 A, Selong, Kec. Kby. Baru, Jakarta, Daerah Khusus Ibukota Jakarta 12110"
94,Glass Jelly,https://assets-pergikuliner.com/fhilPpc3EpMxHnnycegNKwdwrEI=/770x580/smart/filters:no_upscale()/https://assets-pergikuliner.com/uploads/image/picture/2671367/picture-1665735290.jpg,"Minuman penutup dengan tekstur kenyal dan rasa manis yang ringan. Potongan jelly yang transparan ini berpadu dengan sirup manis, memberikan sensasi segar di mulut",Makanan Penutup,44000,Fat Bubble,Jakarta Selatan,Tebet,"Jl. Tebet Timur Dalam II No.47C, RT.3/RW.3, Tebet Tim., Kecamatan, Kota Jakarta Selatan, Daerah Khusus Ibukota Jakarta 12820"
95,Lemon Meringue Piie,https://assets-pergikuliner.com/Lf_COJNDON9qM0TA0bIKO_P0s-Y=/770x580/smart/filters:no_upscale()/https://assets-pergikuliner.com/uploads/image/picture/3049610/picture-1695632514.JPG,"Kue pie lemon dengan lapisan meringue yang lembut dan sedikit gurih. Rasa asam dari lemon berpadu sempurna dengan manisnya meringue, menciptakan perpaduan rasa yang seimbang dan menyegarkan",Makanan Penutup,40000,MONSORA Dessert House,Jakarta Selatan,Kebayoran Baru,"Jl. Sunan Kalijaga No.1, RT.1/RW.1, Melawai, Kec. Kby. Baru, Kota Jakarta Selatan, Daerah Khusus Ibukota Jakarta 12160"
96,Caramel Butter Scones,https://encrypted-tbn0.gstatic.com/images?q=tbn:ANd9GcQg6_JAtkZ_RwaqQFUfFNSNGsDMHTbRGw66qLFBpEqvec68qKji8oaCLaHGO2aHj2uYhe0&usqp=CAU,Scones yang diperkaya dengan rasa caramel butter yang manis dan lembut. Teksturnya yang agak kering namun buttery membuatnya sempurna untuk dinikmati bersama teh atau kopi.,Makanan Penutup,25000,Sesame Bakery Room,Jakarta Selatan,Mampang Prapatan,"Jl. Kemang Timur No.17, Bangka, Kec. Mampang Prpt., Kota Jakarta Selatan, Daerah Khusus Ibukota Jakarta 12730"
97,Monsora Strawberry Cake,https://assets-pergikuliner.com/ZiKMyABkmUryy8CxjJXrMDXVfGc=/770x580/smart/filters:no_upscale()/https://assets-pergikuliner.com/uploads/image/picture/3184378/picture-1707294202.jpeg,Kue stroberi yang ringan dan lembut dengan lapisan krim manis. Potongan stroberi segar menambah kesan segar dan manis pada setiap gigitan,Makanan Penutup,55000,MONSORA Dessert House,Jakarta Selatan,Kebayoran Baru,"Jl. K.H. Wahid Hasyim No.37, RT.1/RW.6, Kb. Sirih, Kec. Menteng, Kota Jakarta Pusat, Daerah Khusus Ibukota Jakarta 10340"
98,Matcha Redbean,https://manual.co.id/wp-content/uploads/2023/09/sesame-web-4-980x719.jpg,Kue dengan rasa matcha yang kaya dan isian kacang merah yang manis. Perpaduan rasa klasik dari Jepang ini memberikan pengalaman rasa yang seimbang antara pahit dan manis,Makanan Penutup,40000,Sesame Bakery Room,Jakarta Selatan,Mampang Prapatan,"Jl. Kemang Timur No.17, Bangka, Kec. Mampang Prpt., Kota Jakarta Selatan, Daerah Khusus Ibukota Jakarta 12730"
99,Milkbun Thailand,https://asset.kompas.com/crops/v7dPLzKelX-CuscQ7ZKwRZXVI74=/0x424:667x868/750x500/data/photo/2024/02/16/65cf097a784c2.jpg,"Roti lembut dengan isian krim susu yang creamy dan manis, disajikan dengan topping susu kental manis",Makanan Penutup,25000,Jein Patisserie,Jakarta Selatan,Pancoran,"Jl. H. Samali No.72 8, RT.8/RW.4, Kalibata, Kec. Pancoran, Kota Jakarta Selatan, Daerah Khusus Ibukota Jakarta 12740"
100,Mixed Berries,https://i0.wp.com/dosiabrewer.com/www.dosiabrewer.com/blog/wp-content/uploads/2021/05/image.jpeg?fit=806%2C1200,"Pancake dengan rasa buah berries campuran yang manis dan sedikit asam, disajikan dengan topping krim atau saus buah yang segar. Tekstur pancake yang fluffy menjadikan hidangan ini pilihan sempurna untuk sarapan atau camilan sore",Makanan Penutup,55000,Baby Dutch Pancake,Jakarta Selatan,Setiabudi,"One Satrio, Jl. Prof Dr Satrio, Kuningan, Jakarta Selatan"